{
  "best_global_step": null,
  "best_metric": null,
  "best_model_checkpoint": null,
  "epoch": 1.0,
  "eval_steps": 500,
  "global_step": 38,
  "is_hyper_param_search": false,
  "is_local_process_zero": true,
  "is_world_process_zero": true,
  "log_history": [
    {
      "entropy": 1.7273405462503433,
      "epoch": 0.26666666666666666,
      "grad_norm": 0.57421875,
      "learning_rate": 0.0001989821441880933,
      "loss": 2.0518150329589844,
      "mean_token_accuracy": 0.5848826140165329,
      "num_tokens": 43463.0,
      "step": 10
    },
    {
      "entropy": 1.4187912732362746,
      "epoch": 0.5333333333333333,
      "grad_norm": 0.5859375,
      "learning_rate": 0.00019096319953545185,
      "loss": 1.3463143348693847,
      "mean_token_accuracy": 0.6837340086698532,
      "num_tokens": 83663.0,
      "step": 20
    },
    {
      "entropy": 1.2179058954119681,
      "epoch": 0.8,
      "grad_norm": 0.59765625,
      "learning_rate": 0.00017557495743542585,
      "loss": 1.2049199104309083,
      "mean_token_accuracy": 0.7111857816576957,
      "num_tokens": 124809.0,
      "step": 30
    }
  ],
  "logging_steps": 10,
  "max_steps": 114,
  "num_input_tokens_seen": 0,
  "num_train_epochs": 3,
  "save_steps": 500,
  "stateful_callbacks": {
    "TrainerControl": {
      "args": {
        "should_epoch_stop": false,
        "should_evaluate": false,
        "should_log": false,
        "should_save": true,
        "should_training_stop": false
      },
      "attributes": {}
    }
  },
  "total_flos": 7299373640853504.0,
  "train_batch_size": 2,
  "trial_name": null,
  "trial_params": null
}
